{
  "random_baseline": {
    "mean_error": 4200.279711147419,
    "median_error": 4779.864978167764,
    "acc_1m": 0.0,
    "acc_3m": 0.0,
    "acc_5m": 0.0,
    "acc_10m": 0.04363001745200698,
    "max_error": 7682.948651270082,
    "std_error": 2383.4807161590625
  },
  "center_baseline": {
    "mean_error": 3.682965528178866,
    "median_error": 3.477290850731751,
    "acc_1m": 5.93368237347295,
    "acc_3m": 41.62303664921466,
    "acc_5m": 76.48342059336824,
    "acc_10m": 99.69458987783595,
    "max_error": 12.132163925255792,
    "std_error": 1.962366709727133
  },
  "visionary": {
    "mean_error": 3.682703572200856,
    "median_error": 3.4664491474689614,
    "acc_1m": 5.671902268760907,
    "acc_3m": 41.317626527050614,
    "acc_5m": 76.48342059336824,
    "acc_10m": 99.69458987783595,
    "max_error": 12.014494146918928,
    "std_error": 1.9623665836112538
  },
  "improvements_vs_center": {
    "error_reduction_m": 0.00026195597800970916,
    "acc_5m_improvement": 0.0,
    "relative_improvement_percent": 0.007112637248582662
  }
}